name,funding_total_usd
A Bit Lucky,1.0312103E7
A Curated World,50000.0
A Family First Community Services,500000.0
A la Mobile,7550000.0
A LITTLE WORLD,6410000.0
A Smarter City,15000.0
A-Gas,1.15837967E8
A-Power Energy Generation Systems,1.02E7
A-Vu Media,250000.0
A.P.Pharma,2.4000001E7
A&G Pharmaceutical,2100002.0
A10 Networks,1.18E8
A123 Systems,5.0286E8
AAIPharma Services,2.0E7
Aarden Pharmaceuticals,500000.0
Aastrom Biosciences,4.0E7
Aava Mobile,4260000.0
Abacast,500000.0
Abacus e-Media,3409316.0
Abakan,2934995.0
Abakus,825000.0
Abattis Bioceuticals,317279.0
abaXX Technology,4540000.0
Abazab,4100000.0
ABB,2700000.0
AbbeyPost,125000.0
Abcam,7.8799653E7
Abcellute,805909.0
Abcodia,1622348.0
Abe's Market,9080000.0
abeo,2012700.0
Abeona Therapeutics,750000.0
AbGenomics,2.645E7
Abide Therapeutics,2250180.0
Ability Dynamics,1500000.0
ABILITY Network,3.3E7
AbilTo,3000000.0
Abine,6467283.0
Abingdon Health,4768678.0
Abiquo Group,1.3130737E7
aBIZinaBOX,500000.0
Ablative Solutions,2.5930577E7
Able Imaging,500000.0
Able Planet,1.2005448E7
AbleSky,1273000.0
Ablexis,1.2E7
Ablynx,4.135635E7
Abodo,325000.0
Abound Logic,3705137.0
Abound Solar,5.1E8
about.me,5675000.0
AboutUs.org,2500000.0
Above All Software,2100000.0
Above Security,2500000.0
ABPathfinder,960000.0
ABS,132500.0
Absio,2757346.0
ABSMaterials,4000000.0
Absolicon Solar Concentrator,661000.0
AbsolutData,2.0E7
Absynth Biologics,1287964.0
ABT Molecular Imaging,2.0064818E7
Abundance Generation,4545754.0
AC Immune SA,2.200946E7
Acacia,15000.0
Acacia Communications,2.3E7
Acacia Interactive,259910.0
Acacia Living,2338650.0
Acacia Pharma,3.35E7
Acacia Research,2.446E8
ACACIA Semiconductor,368000.0
Academia RFID,4499999.0
Academia.edu,1.78E7
Academy of Inovation,50000.0
ACADIA Pharmaceuticals,1.01385E8
AcadiaSoft,4000000.0
ACAL Energy,1.6424363E7
Acamica,130000.0
Acarix,4710960.0
Accedo,1270000.0
Accela,5.0E7
Accelera Innovations,2.0E8
Accelera Mobile Broadband,3033472.0
Accelerate Mobile Apps,250000.0
Accelerated Orthopedic Technologies,150000.0
Accelerated Vision Group,8500000.0
Accelereach,50000.0
Accelerize New Media,1045500.0
Acceleron Pharma,1.13701127E8
Accelitec,5705841.0
Accellion,1.3410901E7
AccelOps,2.5E7
Accendo Technologies,1560000.0
Accent,2.020996E7
Accentia Biopharmaceuticals Inc,775000.0
Acceptd,1020000.0
Accera,1.3858161E8
Accertify,4700000.0
Access Closure,1.0998098E7
Access Intelligence,7380000.0
Access Media 3,3.0E7
Access MediQuip,4.69E7
Access Network,3200000.0
Access Point,4500000.0
Access Psychiatry Solutions,250000.0
Access Systems,1300000.0
Access UK,8.0157014E7
Accessbio,1.2E7
"AccessClosure, Inc.",2795000.0
AccessData,4.5E7
AccessSportsMedia.com,2.0E7
Accion,2.3E7
Accion Texas,2800000.0
Accipiter Radar,4700000.0
Accipiter Systems,4979639.0
Acclaimd,90000.0
Acclaris Holdings,3.51E7
Acco Brands,1.0E7
Accolade,5.0944444E7
Accord Biomaterials,1200000.0
AccountNow,3.4072E7
Accrue Search Concepts dba Boounce,200000.0
Accruent,3.2E7
Accruit,3315000.0
Accu-Break Pharmaceuticals,1000000.0
Accudial Pharmaceutical,1.2024769E7
AccuDraft,650000.0
Accuhealth Partners,760000.0
Accumetrics,1.10640467E8
Accumulate,1.205E7
Accumuli Security,8033458.0
AccuNostics,6321095.0
Accurate Group,1.2E7
Accurence,1894000.0
AccuRev,2100000.0
Accuri Cytometers,3.2655E7
AccurIC,329696.0
AccuTherm Systems,200000.0
ACE,750184.0
Ace Metrix,1.87E7
ACE Portal,75000.0
ACE*COMM,5000000.0
AcelRx Pharmaceuticals,7.8840796E7
Acer,1.50594138E8
Aceris 3D Inspection,4880000.0
Acertiv,737630.0
Acesis,3638201.0
Acetylon Pharmaceuticals,1.5125E8
Aceva Technologies,5280000.0
AchaLa,30000.0
Achaogen,1.00905707E8
Achates Power,6.65E7
Acheive CCA,5000000.0
Achelios Therapeutics,1856004.0
ACHICA,1.3274404E7
Achieve Financial Services,1.25E7
Achieve3000,9000000.0
Achieved.co,19299.0
AchieveIt Online,3600000.0
Achievers,4.9122326E7
Achievo(R) Corporation,2.4E7
Achilles Group,2500000.0
Achillion Pharmaceuticals,5.01E7
Achronix Semiconductor,1.35776263E8
achvr,1250000.0
Aciex Therapeutics,8000000.0
Acision,1.0E8
ACKme Networks,1400000.0
ACM Capital Partners,8000000.0
aCommerce,3100000.0
Aconex,8.5E7
Aconite Technology,592000.0
Acopia Networks,2.0E7
Acorns,2800000.0
Acoustic Sensing Technology,976866.0
Acoustic Technologies,7974296.0
Acousticeye,1.3E7
Acquaintable,40000.0
Acquisio,1.21E7
Acrinta,130000.0
Acrisure,2.0E7
Acronis,1.1E7
ACS Clothing,1.2879637E7
ACS Global,3162000.0
Acsendo,150000.0
ACSIAN,495440.0
Acsis,6000000.0
ACT Biotech,2.698E7
Actacell,9800000.0
ActBlue,1.5E8
Actelis Networks,5.7616859E7
Actiance,1.56E7
Actifi,137500.0
Action Engine,5.82E7
Action Online Publishing,100000.0
Action Pharma,6300000.0
Action Products International,1.015E7
Actionality,1000000.0
ActionBase,400000.0
ActionFlow,250000.0
ActionRun,1510005.0
ActionX,3000000.0
Actito,900000.0
Activ Technologies,40000.0
activ8 Intelligence,2310008.0
Activate Healthcare,950000.0
Activation Life,40000.0
Active Circle,1.336E7
Active DSP,1120000.0
Active Implants,8.6131666E7
Active International,3.5E7
Active Life Scientific,925000.0
ACTIVE Network,2.19991472E8
Active Optical MEMS,2000000.0
Active-Semi,6000000.0
ActiveGift,20000.0
Actively Learn,625190.0
ActiveO,600000.0
ActivePath,1.3250001E7
ActiveRain,2750000.0
ActiveSec,490000.0
ActiveTrak,680000.0
ActiViews,1.0E7
ActivNetworks,3470000.0
Actiwave,4275854.0
ACTON,100000.0
Acton Pharmaceuticals,3.6700005E7
Actslike,20000.0
ActSocial,3000000.0
ActuatedMedical,150000.0
Actus Digital,2000000.0
Actus Interactive Software,242500.0
actv8,5264839.0
ActX,1920391.0
Acucar Guarani,4.54E7
AcuFocus,6.5E7
Acuitas Medical,1067276.0
Acuity Medical International,1500321.0
AcuityAds,3000000.0
Acumatica,1.0E7
Acumen Holdings,9.3E7
Acumen Pharmaceuticals,2200000.0
Acunu,1.0563503E7
Acura Pharmaceuticals,1.0E7
Acusphere,1.0E7
Acustream,2000000.0
Acutus Medical,3.6976464E7
Acylin Therapeutics,6400000.0
Ad Hoc Labs,2000000.0
Ad Infuse,1.76E7
Ad Knights,50000.0
Ad Summos,4549999.0
Ad.IQ,7706596.0
Adagio Medical,2500001.0
Adallom,1.95E7
Adama Materials,6510445.0
Adamas Pharmaceuticals,8.2E7
Adamis Pharmaceuticals,1.1377078E7
Adams Arms,2700000.0
Adap.tv,4.85E7
Adapt,4.6168126E7
Adapt Technologies,1.0E7
Adapta Medical,125000.0
Adapteva,5954000.0
Adaptive Biotechnologies,7524792.0
Adaptive Computing,2.2999999E7
Adaptive Digital Power,4000000.0
Adaptive Ozone Solutions,3750000.0
Adaptive Planning,8.45E7
Adaptive TCR,1.035E7
Adaptive Technologies,550000.0
AdaptiveBlue,2.402E7
AdaptiveMobile,1.967E7
ADAPTIX,1000000.0
Adapx,3.0E7
Adarza BioSystems,250000.0
Adayana,2.0E7
Adbrain,1500000.0
adBrite,4.04E7
AdBuddy,100000.0
Adcade,1500000.0
AdCare Health Systems,2.50587E7
Adcast,3500.0
Adchemy,1.19191E8
Adconion Media Group,1.14E8
Addashop,3000000.0
Addepar,1.5839694E7
AddFleet,4160600.0
AddIn Social,54494.0
Additech,1.06E7
AddMyBest,1170000.0
AddonTV,1000000.0
Addoway,110000.0
AddSearch,650000.0
AddShoppers,1450000.0
AddThis,7.3E7
Addus HealthCare,1240000.0
Addvocate,2390000.0
addwish,1800000.0
Addy,300000.0
Adea,5000000.0
AdECN,3100000.0
AdelaVoice,250000.0
Adelja Learning,505000.0
ADENTS HTI,3970800.0
Adenyo,2.9758289E7
Adept Cloud,1015000.0
AdEspresso,500000.0
Adesso Solutions,6000000.0
Adesto Technologies,4.0981909E7
adeven,4300000.0
Adeyoh,12000.0
Adeze,5500000.0
Adfaces,20118.0
adfinitum Networks,944824.0
ADFLOW Health Networks,2500190.0
"Adfora, Inc.",72000.0
adFreeq,328000.0
AdGent Digital,5300000.0
AdHack,81874.0
Adhere2Care,300000.0
AdhereTech,620000.0
Adhezion Biomedical,4035000.0
adhoclabs,2000000.0
Adhysteria,10000.0
Adial Pharmaceuticals,6731042.0
Adiana,2.3E7
adicate timeads,2900000.0
Adictiz,2539200.0
AdiCyte,2649402.0
Adimab,3.9682384E7
Adinch Inc,1000000.0
AdInnovation,1600000.0
Aditive,3301958.0
ADITU SAS,253000.0
Adjacent Applications,256000.0
Adjudica,550000.0
Adjug,6500000.0
AdKeeper,4.3E7
Adknowledge,2.48E8
Adku,1500000.0
Adlibrium Inc,1500000.0
Adly,7500000.0
Adlyfe,3300000.0
ADMA Biologics,4.4050029E7
Admedo Ltd,378428.0
Admeld,3.0E7
ADMETA,5000000.0
admetricks,40000.0
ADMI Holdings,3.67645E8
adMingle - Share Your Passion!,600000.0
Administrative Systems,7723237.0
Admira Cosmetics,469008.0
Admiral Records Management,2300000.0
Admittor,19311.0
AdMob,4.68E7
AdMobius,5000000.0
Adnavance Technologies,7588201.0
Adocia,3.70792E7
Adocu.com,500000.0
Adometry,4.4647834E7
ADOMIC (formerly YieldMetrics),1700000.0
Adomik,1300000.0
Adomo,2.2E7
ADOR,5.6464869E7
Adore Me,1.15E7
AdorStyle,1.65E7
ADP,2000000.0
ADR Sales & Concepts,100000.0
AdReady,1.7807E7
adRise,2000000.0
AdRocket,1000000.0
ADS-B Technologies,3446554.0
Adsame,2.0E7
AdScoot,50000.0
AdScore,100000.0
AdsIt,5000000.0
Adspace Networks,75000.0
Adspert | Bidmanagement GmbH,1300000.0
ADstruc,1118000.0
Adsvark,809425.0
AdsWizz,2973600.0
AdTaily.com,314000.0
Adteractive,5100000.0
AdTheorent,4000000.0
Adtile Technologies Inc.,2700000.0
AdTonik,500000.0
AdTotum,49167.0
ADTZ,706870.0
Aductions,100000.0
Aduro BioTech,3.4030947E7
Advaliant,100000.0
Advanced Animal Diagnostics,1.7E7
Advanced Battery Concepts,1210000.0
Advanced BioEnergy,7746327.0
Advanced BioHealing,3.35E7
Advanced Biomedical Technologies,205250.0
Advanced BioNutrition,1810275.0
Advanced Catheter Therapies,3000000.0
"Advanced Catheter Therapies, Inc.",2980000.0
Advanced Cell Diagnostics,1.74E7
Advanced Cell Technology,2.7777E7
Advanced Chip Express,1900000.0
Advanced Circulatory,2000000.0
Advanced Cyclone Systems,1500000.0
Advanced Diamond Technologies,5200000.0
Advanced Electron Beams,1.42E7
Advanced Field Solutions,1021575.0
Advanced ICU Care,1.05005E7
Advanced In Vitro Cell Technologies,1.62118E7
Advanced Liquid Logic,3000001.0
Advanced Magnet Lab,2130000.0
Advanced Manufacturing Control Systems,3.89951E7
Advanced Numicro Systems,10000.0
Advanced Oncotherapy,757626.0
Advanced Ophthalmic Pharma,2000000.0
Advanced Patient Care,200000.0
Advanced Photonix,562336.0
Advanced Plasma Therapies,500000.0
Advanced Proteome Therapeutics,2077950.0
Advanced Surgical Concepts,798542.0
Advanced System Designs,550000.0
Advanced TeleSensors,250000.0
AdvanDx,1.02E7
AdVantage Networks,2152000.0
Advantagene,500000.0
Advasense,2.4E7
Advenchen Laboratories,4475000.0
Advent Health Partners,1500000.0
AdventEnna,4560000.0
Adventi,2930000.0
Adventoris,909151.0
ADVENTRX Pharmaceuticals,2.25E7
AdventureDrop,100000.0
AdverCar,2000000.0
Advestigo,5530000.0
Advice Company,1000000.0
Advice Wallet,395000.0
AdviceIQ,5000000.0
Advitech,1440000.0
ADVIZE,736050.0
Advocate Health Care,1.8E7
Adways,1.7776E7
AdWhirl,1000000.0
AdXpose,2.28E7
AdYapper,1200000.0
Adylitica,125001.0
Adynxx,7540560.0
AdYouNet,1400000.0
Adype,250000.0
AdzCentral,3200000.0
Adzerk,650000.0
Adzilla,1.025E7
Adzuna,2762203.0
AEA Technology,6500000.0
AEGEA Medical,1.9367098E7
Aegis,7.25E7
Aegis Analytical Corp.,1304000.0
Aegis Lightwave,8000000.0
Aegis Mobility,1.1664189E7
Aehr Test Systems,1158000.0
Aeluros,7970000.0
Aepona,4.0E7
Aereo,9.7E7
Aeria Games & Entertainment,288000.0
Aerie Pharmaceuticals,1.28614965E8
Aerify Media,1000000.0
Aerin Medical,250000.0
AeroDron,514640.0
AeroFarms,500000.0
AeroFS,5500000.0
AeroGrow International,7000341.0
Aerohive Networks,8.4952382E7
AeroSat Corporation,4.54E7
AeroScout,2.8E7
"Aerospike, Inc.",2000000.0
AeroSurgical,2200000.0
Aerpio Therapeutics,4.1E7
AerSale Holdings,2.5E8
AesRx,3455150.0
Aetel.inc  (Droppy),57939.0
AeternusLED,60000.0
AetherPal,6000000.0
Aethlon Medical,7773734.0
Aethon,2.0420792E7
aevi,176000.0
AFAR,1.6E7
AFCell Medical,2483332.0
AFCV Holdings,8000000.0
Affaredelgiorno,1415260.0
Affectv,3030503.0
Afferent Pharmaceuticals,3.3E7
Affibody,2.8499283E7
Affimed Therapeutics,2.6512E7
Affine,100000.0
Affinegy,550000.0
Affinergy,3000000.0
Affineti Biologics,500000.0
Affinimark Technologies,1359394.0
Affinion Group,1500000.0
Affinity China,1100000.0
Affinity Circles,5540000.0
Affinity Edge,1574996.0
Affinity Therapeutics,400000.0
Affinity.com,8.5E7
AffinityClick,1073289.0
Affinium Pharmaceuticals,6.38E7
Affinnova,1.05E7
AFFiRiS,3.40825E7
Affle,1.0E7
Affomix Corporation,7000000.0
Affordit.com,600000.0
Affresol,209105.0
AFG Media,6577615.0
Afinix Life Sciences,1500000.0
Afluenta,725000.0
AFORE Solutions,6000000.0
Afoundria,325999.0
AFreeze,2573200.0
Africa's Talking,20000.0
AFS Technologies,2.32E7
afterBOT,1718955.0
Aftermarket.com,4500000.0
AfterYes,20000.0
AG&P,1.44E8
ag��mi Systems,5.0E7
Agari Data,7500000.0
AGAVOO VideoConferencing,1300000.0
AgBiome,1.75E7
Age of Learning,3.15E7
Agency Entourage,10000.0
Agency Spotter,35000.0
Agency Systems,1890000.0
agencyQ,1600000.0
Agendia,1.22E8
Agendize,3109450.0
AgeneBio,6438723.0
Agensys,4.13E7
Agent Video Intelligence,1.4E7
Agentek,9000000.0
Aggamin Pharmaceuticals,3722355.0
Aggregate Knowledge,7.4311925E7
AGI Biopharmaceuticals,4710000.0
Agiftidea.com,50000.0
AGILE customer insight,640000.0
Agile Energy,2.604E7
Agile Health,2000000.0
Agile Media Network,1000000.0
Agile Sciences,1308642.0
Agile Systems,7000000.0
AgileJ Limited,100000.0
AgileMD,2000000.0
AgileMesh,2000000.0
Agilence,1.2727468E7
AgileSource,75000.0
Agiliance,1.8955361E7
Agilis Biotherapeutics,8000000.0
Agilis Systems,5000000.0
Agility Communications,1.5E7
Agility Design Solutions,7000000.0
AgilOne,1.6E7
Agily Networks,250000.0
Agilyx,5.7E7
Agios Pharmaceuticals,8.6823937E7
Agistics,2000000.0
Agitar,1.0E7
Agito Networks,2.2E7
AGLOGIC,2500000.0
Agnitio,7405000.0
Agorafy,2000000.0
Agorique,94583.0
Agoura Technologies,1000000.0
Agradis,2.4E7
Agralogics,100000.0
agreement24 avtal24,2800000.0
Agrisoma Biosciences,2320000.0
Agrivida,1.9E7
AgroSavfe,6637000.0
AgSquared,1723873.0
AGV Media,916029.0
Agworld Pty Ltd,6063787.0
Aha Mobile,3000000.0
AHAlife.com,2.2999079E7
Ahalogy,4750000.0
AHS PharmStat,900000.0
Ahura Scientific,1.7E7
AI Patents,50000.0
Ai2 UK,3108470.0
Aicent,1.445E8
AiCuris,7.48E7
aiHit,5500000.0
Aileron Therapeutics,9.95E7
Aimetis,5000000.0
Aiming,3.0E8
AimWith,5000.0
AIO Robotics,20000.0
Aionex,250000.0
aioTV Inc.,9000000.0
Aipai,6800000.0
Air Ion Devices,1880000.0
Air Robotics,125000.0
Air Semiconductor,1.0E7
Air2Web,2.5E7
Airband Communications Holdings,3.994853E7
Airbiquity,3.5419873E7
Airbnb,3.26441E8
Airborne Media Group,4238225.0
Airborne Mobile,2500000.0
Airborne Technology,2500000.0
AirCast Mobile,250000.0
AirCell,2.76108581E8
AirClic,2.75E7
Airec,4672933.0
Aires Pharmaceuticals,2.0E7
Airgain,1.08E7
AirInSpace,8500000.0
AirKast,750000.0
AirNet Communications,6000000.0
AirPatrol Corporation,3675000.0
Airpersons,350000.0
airpim,659784.0
AirPOS,612042.0
Airpowered,2175000.0
AirPR,1000000.0
Airpush,400000.0
AirSage,6000000.0
AirSense Wireless,2502039.0
Airship Ventures,1.05E7
Airside Mobile,450000.0
AIRSIS,2000000.0
Airspan,1.0E7
Airspan Networks,1.0E7
Airstone Labs,2511000.0
Airstrip Technologies,4.0E7
AIRTAME,1420000.0
Airtasker,2000000.0
AirTight Networks,4.675E7
Airtime,2.55E7
Airtime Media,7958625.0
AirTouch Communications,1.7506428E7
Airu,2500000.0
AIRVEND,1200000.0
AirWalk Communications,4.1999996E7
AirWare Lab,65000.0
AirWatch,2.25E8
Airwavz Solutions,900000.0
Airway Therapeutics,500000.0
Airwide Solutions,2.5E7
AirXP,1000000.0
AirXpanders,4.4224834E7
Airy Labs,1500000.0
aisle411,1.824003E7
Aisle50,5200000.0
AIT,1250000.0
AIT Bioscience,1000000.0
aitainment,816000.0
Aivo,300000.0
Ajaline,1050000.0
AJAX Street,25000.0
AKAMON ENTERTAINMENT,1000000.0
AkaRx,2.61E7
Akebia Therapeutics,8.31E7
Akella,1.8705E7
Akenerji Elektrik Uretim,8.33E7
Akermin,2.1553364E7
Akiban Technologies,3200000.0
Akimbi Systems,8000000.0
Akimbo,3.57E7
Akimbo Financial,850000.0
Akonni Biosystems,1.5255517E7
Akorri Networks,4.873E7
Akros Silicon,4.0653484E7
AKSEL GROUP,500000.0
Aktana,1.1637424E7
Aktifmob Mobilicious Media Agency,250000.0
Aktino,3.02E7
Aktivito,30000.0
Akustica,2.7E7
Akvo,2444718.0
Al Detal,143262.0
Alacritech,1253000.0
Alafair Biosciences,1227000.0
Alai,573000.0
Alamak Espana Trade,6000000.0
AlaMarka,1000000.0
Alana HealthCare,1.0E7
Alaris Royalty,1.059E8
Alarm.com,1.36E8
Albeo Technologies,1.0025E7
Albert Medical Devices,815631.0
Albion Second Facility,575000.0
Albiorex,2025000.0
Albireo,4.0E7
Alc Holdings,9168827.0
Alces Technology,1500000.0
Alchemia Oncology,1313760.0
Alchemy Learning,277500.0
Alchemy Pharmatech,621221.0
Alchemy Pharmatech Ltd.,81838.0
ALCOHOOT,1350000.0
Alcresta,2.0E7
Alcyone Lifesciences,6800004.0
Alcyone Resources,4900000.0
Aldagen,2.9065381E7
ALDEA Pharmaceuticals,1.7997183E7
Aldebaran Robotics,2.034E7
Alder Biopharmaceuticals,5.3E7
Aldermore Bank plc,6.0610058E7
Aldis,9780000.0
Alea,5820000.0
Alektrona,710000.0
AlephCloud Systems,9500000.0
AlephD,2000000.0
Alere,4.0E8
Alert Logic,4.7796855E7
AlertaPhone,130000.0
AlertEnterprise,2.7E7
Alethia BioTherapeutics,1.39E7
Alexar Therapeutics,2.15E7
Alexion Pharmaceuticals,2.5E7
Alexza Pharmaceuticals,4010000.0
Alfresco,1.95E7
Alga Energy,3913800.0
Algae International Group,5000000.0
Algal Scientific,65000.0
Algebraix Data,4.3772394E7
Algenetix,2000000.0
Algenol Biofuel,2.5E7
AlgEvolve,1147396.0
Algisys,6153863.0
Algolia,1543920.0
Algonomics,2014050.0
Algorithmics,200000.0
Alibaba,1.12E8
Alicanto,4000000.0
ALICE,500000.0
Alice.com,2.1827665E7
Alien Technology,2.12377366E8
AlienVault,6.6400035E7
Aligned TeleHealth,499500.0
AlignMed,450000.0
Aligo,7920000.0
Alimera Sciences,1.44632486E8
Alinto,727250.0
Alios BioPharma,3.2E7
Alitalia,4.12E8
Aliva Biopharmaceuticals,1.2870407E7
alive.cn,1050000.0
Aliveshoes,19260.0
AlixaRx,1.0E8
Aliz_ Pharma,4104210.0
ALKALINE WATER,600000.0
Alkami Technology,6700000.0
Alkymos,218500.0
All About Baby.,2410000.0
All Access Telecom,250000.0
All At Home,10000.0
All Campus,6000000.0
All Copy Products,750000.0
All My Data,25000.0
All-Scrap,100000.0
Allakos,9999997.0
AllBusiness.com,2.24E7
AllClear ID,9300000.0
Allconnect,5000000.0
AllDigital,2087704.0
Allecra Therapeutics,1.95675E7
Allegheny General Hospital,415000.0
Allegiance,3.8345657E7
Allegorithmic,1940000.0
Allegory Law,550000.0
Allegro Diagnostics,5400000.0
Allen Brothers,7100000.0
Allena Pharmaceuticals,1.5E7
AlleyWatch,40000.0
ALLGOOB,1348200.0
Allied Chrome,1262570.0
Allied Digital Services,175000.0
Allied Fiber,8000000.0
Allied Pacific Sports Network,7000000.0
Allied Payment Network,1158786.0
Allied Resource Corporation,5.3E7
Allied Urological Services,118125.0
Allihub,1700000.0
Allin corporation,2000000.0
Allmoxy,1000000.0
Allmyapps,1281800.0
ALLO Communications,8135000.0
Allocadia,1000000.0
Allon Therapeutics,1.1626182E7
Alloptic,3.8E7
Allostera Pharma,1.54E7
Allotrope Partners,5000000.0
Allovue,100000.0
Alloy,1.265E8
Alloy Digital,3.0E7
Allozyne,3.69025E7
AllSchoolStuff.com,1500000.0
Allthetopbananas.com,858800.0
AllTrails,2879987.0
Alltuition,4015000.0
Allurent,2000000.0
Allurion Technologies,2850547.0
Allux Medical,6400000.0
Allworx,8500000.0
Ally Home Care,200000.0
Allyes Advertisement Network,1.405E8
Allylix,2.72E7
Almashopping.com,1025000.0
Alminder,1525000.0
AlmondNet,5407657.0
Almondy,1.00383E7
Alnylam Pharmaceuticals,7.1E8
Alo Networks,445000.0
ALOHA,4500000.0
Alohar Mobile,2750000.0
Aloqa,1500000.0
Alorum,191500.0
ALOSKO,50000.0
Alpha Payments Cloud,1.2E7
Alphabet Energy,3.1E7
AlphaClone,1400000.0
Alphatec Spine,8950000.0
Alpheus Communications,1.35E8
Alphion,2.21E7
Alpine Data Labs,2.35E7
Alsyon Technologies,3808000.0
ALT Bioscience,2366262.0
Alt12 Apps,1260000.0
Alta Analog,1700000.0
Alta Devices,7.2E7
Alta Rail Technology,1.5E7
Alta Wind Energy Center,1.02E8
Altacor,3050506.0
Altai Technologies,1.0E7
Altair Therapeutics,1.7E7
Altammune,46000.0
Altar,210000.0
AltaRock Energy,2.625E7
Altavian,22950.0
AltaVitas,387996.0
Altavoz,475000.0
Altea Therapeutics,685000.0
Altenera Technology,100000.0
Alter Eco,3050000.0
Alter Way,2640000.0
Alter-G,2.3E7
AlterG,1.2310333E7
Alternative Green Technologies,10000.0
AlterPoint,2.68E7
"Alteryx, Inc.",1.8E7
Althea Systems,3000000.0
AltheaDx,7249849.0
Altheos,3.25E7
AltheRx Pharmaceuticals,1.5E7
Altheus Therapeutics,1.0055948E7
ALTHIA,3855000.0
Alti Semiconductor,4310000.0
Altia,1157500.0
Altia Systems,1.7374275E7
Altierre,6.0E7
Altimet,1600000.0
Altiostar Networks,6.0500002E7
Altobeam,2.6E7
Altobridge,1.98E7
Alton Lane,745000.0
Altos Design Automation,1500000.0
AltraBiofuels,2.285E8
Altrec.com,5250000.0
Altruik,9499393.0
AlumniFunder,125000.0
ALung Technologies,5.9910403E7
Alverix,7700000.0
Alvine Pharmaceuticals,1.38012E8
Alvos Therapeutic,2000000.0
Always Prepped,650000.0
Alyotech,2.4858E7
Alyotech Canada,4250000.0
AM Technology,61400.0
AM-Pharma,3.98434E7
Amadesa,1.28E7
Amadix,2674800.0
Amagi Media Labs,5500000.0
Amakem,2.53782E7
Amalfi Semiconductor,6.4E7
Amara,1000000.0
Amaranth Medical,2.0E7
Amarantus BioSciences,1299327.0
Amartus,1626000.0
Amaru,592365.0
AMAX Global Services,45000.0
amazingtunes,2601886.0
Amazon,8000000.0
Ambarella,1.54E7
Ambature,3225000.0
AmberWave,2.63E7
Ambient Clinical Analytics,1185800.0
Ambient Control Systems,605000.0
Ambient Corporation,5000000.0
Ambient Devices,1.0257E7
Ambient Industries,900000.0
Ambio Health,1000000.0
Ambiq Micro,2.1268609E7
Ambit Biosciences,1.06999327E8
Ambitious Minds,559522.0
"Ambri, Inc.",1.5E7
Ambria Dermatology,706924.0
Ambric,1.04E7
Ambrx,1.0E7
amBX,1120000.0
AMEC,9.3E7
Amedica,1.41571244E8
Amedrix,989240.0
amee,8500000.0
Ameibo,1680000.0
Amen.,3000000.0
American Addiction Centers,6948000.0
American Advisors Group,4000000.0
American Beef Processing,5800858.0
American BioCare,1805230.0
American Biomass,4030000.0
American Board of Addiction Medicine (ABAM),2000000.0
American Civics Exchange,170000.0
American Gene Technologies International,1324999.0
American Giant,1399996.0
American HealthNet,1000000.0
American Hometec,250000.0
American Kidney Stone Management,127380.0
AMERICAN LASER HEALTHCARE,263500.0
American Medical CO-OP,1000000.0
American Oil Solutions,150000.0
American Pathology Partners,5999999.0
AMERICAN PET RESORT,3597688.0
American Prison Data Systems,500000.0
American Red Cross,5500.0
American Renal Associates Holdings,9422891.0
American Restaurant Concepts,1.0E7
American Retail Group,1081000.0
American Science and Engineering,4500000.0
American Scientific Resources,650000.0
American Stem Cell,2500000.0
AmeriTech College,6800000.0
Amerityre,667500.0
Amgen,1.7546342E8
Amgen Biotech Experience,2500000.0
Amiato,2000000.0
Amicrobe,999987.0
Amicus,3780000.0
Amicus Therapeutics,7.4866943E7
AmideBio,1149997.0
Amie Street,3900000.0
Amimon,4.8E7
Amirite.com,2500000.0
Amitive,1.6E7
Amitree,2700000.0
AMKAI,1878538.0
Ammado,9000000.0
Amminex,9782500.0
Amnis,1.125E7
Amobee,7.2E7
Amonix,1.694E8
Amoobi,180188.0
Amorcyte,1025000.0
Amorfix Life Sciences,993985.0
Amp'd Mobile,3.74E8
Amperion,2900000.0
Ampex,5000000.0
Amphivena Therapeutics,1.4E7
Amphora Medical,600000.0
AmpIdea,18000.0
Ampio Pharmaceuticals,585000.0
Ampla Pharmaceuticals,7265271.0
Ample Communications,1.05E7
Amplidata,2.307725E7
Amplience,8285264.0
Amplifinity,2500000.0
Amplify,4500000.0
Amplify.LA,1.25E7
AmpliMed Corporation,7142093.0
Amplimmune,2.0E7
AmpliPhi Biosciences,3.0990999E7
Amprius,5.5E7
Amrit Advanced Biotech,3242399.0
ams AG,1.49938635E8
AMSC,2.5E7
AMT (Aircraft Management Technologies),6779358.0
Amtec,5000000.0
AMTT Digital Service Group,1.0E7
Amulet Pharmaceuticals,1700000.0
Amulyte,255000.0
Amura,1840000.0
Amuso,1500000.0
AmVac,2800000.0
Amvona,1000000.0
AMVONET,250000.0
Amyris Biotechnologies,4.14682505E8
AnaCatum Design,1481639.0
Anacomp,7500000.0
Anaconda Pharma,3240000.0
Anacor Pharmaceutical,1.915E8
Anadys,1.75E7
Anaergia,4.6256055E7
Analogix Semiconductor,3.94E7
Analyte Health,3.4024998E7
Analyte Logic,700000.0
AnalytiCon Discovery,3040000.0
Analytics Quotient,19515.0
Analyze Re,1400000.0
Anaphore,2.43E7
Anapsis,100000.0
Anaqua,1.25E8
Anatole,3241000.0
Anavex,2600000.0
Ancera,1277500.0
Ancestry,3.332E8
Anchiva Systems,7000000.0
Anchor Intelligence,6000000.0
Anchor Therapeutics,1.0E7
Anchovi Labs,15000.0
Anctu,30000.0
Anda,155000.0
ANDA Networks,1.05E7
ANDalyze,1952608.0
Andel,1140000.0
Andera,9350000.0
AndersonBrecon,7.5E7
Andigilog,1.8E7
Andover College Prep,650000.0
Andre Phillipe,50000.0
Andrew Technologies,1.3261453E7
Andrews Consulting Group,1000000.0
AndroBioSys,500000.0
Androcial,193888.0
AndroJek,400000.0
Andtix,75000.0
Anedot,1325000.0
Anergis,2.0E7
Anesiva,3000000.0
Anevia,8330000.0
Anexon,7500000.0
ANF Technology,1.0E7
Angel Alerts,75171.0
Angel Medical Systems,1.7535E7
Angelantoni,1.05648E7
AngelList,2.4E7
angelMD,565000.0
Angelpc Global Support,1930000.0
AngelPolitics,25000.0
Anghami,1000000.0
Angie's List,1.826E8
AngioChem,6807000.0
Angiocrine Bioscience,3999999.0
Angiodroid,1157940.0
Angiologix,1800000.0
AngioScore,4.2E7
Angle,1075000.0
Angoss Software,615953.0
Anhelo,410000.0
Aniika,500000.0
Animal Cell Therapies,2022500.0
Animal Innovations,500000.0
Animatu Multimedia,213000.0
Animeeple,150000.0
Animoto,3.0E7
Anipipo,104139.0
Aniways,1020000.0
Anjuke,7.2E7
Ankeena Networks,3.1828793E7
Anki,5.0E7
Ankota,425000.0
Annelutfen.com,750000.0
Annex Products,121000.0
Annexon,999999.0
Annidis Health Systems,5125000.0
Annovation BioPharma,1.0375E7
Anobit Technologies,7.2E7
Anodyne Health,5600000.0
Anomo,572725.0
Anonymous You,200000.0
AnovaStorm,2000000.0
Anpro21,386483.0
Anser Innovation,2399500.0
AnsibleWorks,6000000.0
Answer.To,35000.0
AnswerGo.com,10000.0
Answers Corporation,3.4541E8
AnSyn,307000.0
ANT Farm,22000.0
Antavo,65340.0
AntCor,1280000.0
Antengo,325000.0
Antenna Software,4.8581364E7
Antenova,6500000.0
ANTERIOS,1.2029054E7
Anterra Energy,7000000.0
Anteryon,1.772E7
Anthem Digital Media,350000.0
Anthem Healthcare Intelligence,4800000.0
Anthera Pharmaceuticals,3.15E7
Antibe Therapeutics,55000.0
Antisense Pharma,3.98976E7
Antix Labs,3000000.0
Antria,1440000.0
AntriaBio,4070000.0
ANTs Software,2.8306508E7
Anturis,2000000.0
AntVoice,1067625.0
Anulex,5.228E7
Anunta Technology Management Services,3000000.0
Anvato,2550000.0
Anvil  Semiconductors,239174.0
Any.DO,4500000.0
AnybodyOutThere,500000.0
AnyCloud,125000.0
anydooR,480000.0
Anyfi Networks,1500000.0
Anygma,2306560.0
AnyPerk,1400000.0
AnySource Media,3200000.0
Anystream,5.9E7
AnyWare Group,3700000.0
anywayanyday,1.0E7
Anywhere.FM,15000.0
Anzode,500000.0
AOI Medical,4041700.0
AOL,1.0E9
AOptix Technologies,6.99E7
Aorato,1.1E7
AorTx,5800000.0
AOTMP,239981.0
Aoxing Pharmaceutical,5000000.0
ApaceWave Technologies,1.99E7
Apaja,2524025.0
Apangea Learning,4499250.0
Apartment List,1.865E7
Apellis Pharmaceuticals,1.06675E7
ApeniMED,3853000.0
APEPTICO Forschung und Entwicklung,3950000.0
APerfectShirt.com,100000.0
Aperia Technologies,7101363.0
Aperio Technologies,5820307.0
Aperion Biologics,4500000.0
Apertio,3.0E7
Aperto Networks,1.58251114E8
Apex Clean Energy,1.0020547E7
Apex Fund Services,3.0E7
Apex Learning,1.7261724E7
Apex Therapeutics,2488899.0
Apexigen,2.0E7
ApexPeak,1840000.0
Aphios,2400000.0
Apiary,1750000.0
Apica,1.1280163E7
Apigee,1.3065321E8
Apiphany,2900000.0
Apisphere,4580000.0
Apixio,9079169.0
Aplicor,1.9034372E7
Aplos Software,1350000.0
ApnaPaisa,1.72E7
Apnex Medical,4.4E7
ApniCure,5099000.0
Apofore,500000.0
Apogee Informatics,2155050.0
ApogeeInvent,70000.0
Apogenix,1.0E7
Apokalyyis,996550.0
Apollidon,3000000.0
Apollo Endosurgery,1.13327392E8
ApolloMed,1155000.0
Aponia Laboratories,4513712.0
ApoVax,375000.0
Apozy,175000.0
App Annie,2.2E7
App in the Air,150000.0
App TOKYO Co.,331000.0
App.io,1195000.0
App.net,3000000.0
app2you,168986.0
App47,1750000.0
AppAddictive,1200000.0
AppAssure Software,6000000.0
appAttach,1268469.0
Appature,9600000.0
appbackr,650000.0
Appcara Inc,350000.0
Appcelerator,6.888102E7
"AppCentral, Inc.",4000000.0
APPCityLife,431162.0
Appconomy,2.4589183E7
Appcore,1.1E7
AppDirect,2.349982E7
AppDynamics,8.65E7
Appear,7267800.0
Appear Here,1515251.0
APPEK Mobile Apps,50000.0
appening,20000.0
AppEnsure,250000.0
Apperian,2.8E7
Appetas,50000.0
AppFirst,1.52E7
Appfluent Technology,4100000.0
Appfrica,15000.0
AppGate Network Security,3180000.0
AppGeek,15000.0
AppGratis,1.35E7
AppHero,1800000.0
Appian,1.0E7
Appifier,212000.0
Appinions,5600000.0
Appirio,8.0699959E7
Appistry,5.0403882E7
AppLabs,1.0E7
Applango,400000.0
Applaud,125000.0
Applauze,1.045E7
AppLayer,800442.0
AppLearn,947032.0
Applect Learning Systems Pvt. Ltd.,1600000.0
Application Craft,1000000.0
Application Developments plc,596000.0
Applied BioCode,8250080.0
Applied Bioresearch,250000.0
Applied Computational Technologies,200000.0
Applied DNA Sciences,2.18926E7
Applied Genetics Technologies Corporation,7.805E7
Applied Identity,3.3E7
Applied Immune Technologies,4000000.0
Applied Isotope Technologies,1358979.0
Applied Logic US Inc.,896566.0
Applied MicroStructures,1.075E7
Applied Minerals,1.05E7
Applied Optoelectronics,3.8993849E7
Applied Predictive Technologies,5.4E7
Applied Quantum Technologies,4.9770145E7
Applied StemCell,4520763.0
Applied Telemetrics Inc,482000.0
Applied Visual Sciences,5935201.0
Applifier,6000000.0
AppLift,2.0E7
AppliLog,2460000.0
Applimation,4000000.0
Apply Financials Limited,1000000.0
Applyful,100000.0
ApplyInc.com,125000.0
ApplyKit,98000.0
AppMakr,1000000.0
AppMesh,3000000.0
AppNexus,1.405E8
Appnomic Systems,1.17E7
AppointmentCity,800000.0
Appointuit,360000.0
Appolicious,2569000.0
Apportable,2400000.0
Appoxee,1800000.0
AppPowerGroup,55000.0
AppRedeem,700000.0
Apprema,800000.0
Apprenda,3.1E7
ApprenNet,150000.0
Apprion,2.75E7
Appriss,1.1E7
APProtect,750000.0
Approva,5.495E7
Apps Foundry,2400000.0
Apps4Pro,200000.0
AppSame,500000.0
AppsBuilder,1955250.0
Appsco,500000.0
Appsdaily Solutions,5000000.0
Appsee,1000000.0
Appsembler,118000.0
Appsfire,4600000.0
AppShare,783604.0
appssavvy,1.3304915E7
AppStack,1500000.0
AppSurfer,200000.0
AppTap,1.0671168E7
Apptentive,1215000.0
Appthority,6250000.0
AppThwack,600000.0
Apptimize,2100000.0
Apptio,1.36E8
Apptive,1400000.0
Apptopia,1110000.0
AppTrigger,2.15E7
Appvance,1100000.0
AppVault,2000000.0
Appwapp,54597.0
AppwoRx,225000.0
Appy Pie,10000.0
AppZero,1.51E7
APR Energy,3.0E7
Aprecia Pharmaceuticals,5.4173231E7
Apreso Classroom,1.5E7
Aprexis Health Solutions,700000.0
Apriva,1.0159162E7
APROOFED,20000.0
Apsalar,1.48E7
Apse,667139.0
APT Pharmaceuticals,3.2E7
apta.me,40000.0
Aptalis Pharma,170466.0
Aptana,7800000.0
Aptara,2.3E7
Aptela,5000000.0
Aptera,3.63E7
Aptidata,1200000.0
Aptito,1000000.0
Aptiv Solutions,5660000.0
Apttus,3.7E7
Apture,4600000.0
APX,1.4E7
APX Group,4.5259E7
AQS,3180660.0
Aqua Access,100000.0
AQUA PURE,3000000.0
Aqua Skin Science,785000.0
Aqua-tools,8899100.0
Aquaback Technologies,735000.0
Aquafadas,1770000.0
AquaHydrate,1.0E7
AquaMobile,4270000.0
AquaMost,2438961.0
Aquantia,1.41967875E8
Aquapharm Biodiscovery,1.6192469E7
Aquarius Biotechnologies,327260.0
Aquaspy,6250000.0
AquAszero,19299.0
Aquavit Pharmaceuticals,329982.0
Aquinox Pharmaceuticals,5.9619365E7
Aqwise,8100000.0
ArabHardware,145000.0
Arachno,616666.0
Aradigm,4108777.0
Aragen Bioscience,2719193.0
Aragon Consulting Group,2500000.0
Aragon Pharmaceuticals,1.22E8
Aragon Surgical,2.5E7
Arantech,1.619E7
Aras,1.8612382E7
Aratana Therapeutics,7.675E7
Arav,1.17963E7
Arava Power Company,5000000.0
Aravo Solutions,3.98685E7
Arbella Insurance Foundation,45000.0
Arbor Photonics,400000.0
ArborMetrix,7000000.0
Arbovax,1735000.0
ARC Medical Devices,641953.0
Arc Solutions,3000000.0
ARCA biopharma,6374285.0
Arcadia Biosciences,1990000.0
Arcadian Networks,9.0E7
"Arcametrics Systems, Inc.",50000.0
ArcaNatura LLC,390000.0
Arch Grants,2500000.0
Arch Rock Corporation,1.5E7
Arch Therapeutics,7768003.0
Archetype Media,1.212E7
ARCHETYPEME,7000000.0
Archetypes,3535000.0
Archevos,10000.0
archify,21189.0
Archimedes Pharma,9.9E7
Archipelago Learning,1.7393712E7
Architexa,135000.0
Archivas,1.2E7
Archive Systems,1.25E7
ArchPro Design Automation,4500000.0
Archy,173628.0
Arcion Therapeutics,8150000.0
ArcMail,3000000.0
Arcos Technologies,500000.0
Arcot Systems,4.2E7
arcplan Information Services AG,3.406E7
ArcSight,2.6914E7
ArcSoft,2.0E7
Arctic Diagnostics,3496500.0
Arctic Empire,393670.0
Arctic Island LLC,1600000.0
Arctic Sand Technologies,1.62E7
Arctic Wolf Networks,7250000.0
Arctrieval,35000.0
Arcturus Therapeutics,6300000.0
Arcxis Biotechnologies,3440000.0
ARDACO,3650000.0
Ardelyx,3.5013694E7
Ardian,6.408E7
Ardica Technologies,1875000.0
Ardmore Regional Surgery Center,2900150.0
Are You a Human,1551000.0
Area 52 Games,300000.0
Arena Pharmaceuticals,1.685E8
Arena Solutions,3.4104483E7
Ares Commercial Real Estate Corporation,3.7E7
Arganteal,611076.0
arGEN-X,6.1949E7
Argo Medical Technologies,1.82E7
Argo Navis Consulting,178540.0
Argo Tea,2323000.0
ArgoPay,500000.0
Argus Insights,200000.0
Argus Labs,886440.0
Argyle Data,1.6495129E7
Argyle Security,1.045E7
Argyle Social,1565000.0
ARI Network Services,4800000.0
Aria Analytics,350000.0
Aria Glassworks,1750000.0
Aria Networks,9050000.0
Aria Retirement Solutions,4650000.0
Aria Systems,8.12E7
AriadNEXT,1670000.0
Aricent Group,6.47E7
Arideas,80000.0
Aridhia Informatics,849446.0
Ariel Way,1100000.0
Arieso,9513176.0
Arigo,5000000.0
Ariisto,5.4E7
Arimaz,400000.0
Ario Pharma,3100000.0
"Ariosa Diagnostics, Inc.",5.27E7
Arisaph Pharmaceuticals,1.0E7
Arisdyne Systems,7100000.0
Ariste Medical,1275000.0
Aristos Logic,9.936E7
Aristotle Circle,2450000.0
Arithmatica,622000.0
Arius Research,2.35E7
Arizona Security,100000.0
Ark,5250000.0
Arkadium,5025000.0
Arkami,1800000.0
Arkansas Children's Hospital,3500000.0
Arkansas Department of Education,35000.0
Arkansas Regional Innovation Hub,250000.0
Arkeia Software,4080000.0
ARKeX,6.2791271E7
Arkimedia,1461360.0
Arkmicro,3000000.0
Arktis Radiation Detectors,2900000.0
Armasight,1000000.0
ArmedZilla,1347000.0
"ARMGO,Pharma,Inc.",1000000.0
ARMO BioSciences,2.0E7
Armune BioScience,1649999.0
Arno Therapeutics,4.6E7
Arohan Financial,3500000.0
Around Knowledge,2500000.0
aroundtheway,275000.0
Arpeggi,195000.0
ARPU,1.5564591E7
Arran Aromatics,4242704.0
Array Health Solutions,325000.0
Arrayent,1.2638309E7
Arrayit,1000000.0
"ArrayPower, Inc.",1.4E7
Arria NLG,4.0269828E7
Arrien Pharmaceuticals,2000000.0
Arrive Technologies,4000000.0
ArriveBefore,10000.0
Arrogene,3495350.0
Arroweye Solutions,1.4E7
Arrowhead Research,6.3222896E7
Arrowsight,6750000.0
Arroyo Video Solutions,1.2E7
Arsanis,3.0400002E7
Arstasis,5.3999998E7
Art Square,6000.0
artaculous,10000.0
artandseek,50000.0
Artax Biopharma,1268256.0
Arteaus Therapeutics,3.0E7
Arterial Remodeling Technologies,8500000.0
Arteris,2.53E7
Artesian Solutions,3176478.0
ArthroCAD,2336224.0
Article One Partners,1.0E7
ArticleAlley,1000000.0
Artielle ImmunoTherapeutics,185740.0
Artifact Technogies,861030.0
Artificial Solutions,1.88263E7
Artify It,800000.0
Artillery,2500000.0
Artimi,3.15E7
Artimplant AB,540315.0
Artisan Mobile,7000000.0
Artisan Pharma,8.5381111E7
Artist Growth,2000000.0
Artklikk,2500000.0
Artsicle,390000.0
Artspace,1.22E7
ArtStar,115000.0
Artsy,7460000.0
ARTtwo50,145000.0
ArtusLabs,6883956.0
Artvalue.com,124691.0
ArtVentive Medical Group,500000.0
Aruba Networks,4.5000003E7
Aruspex,3770000.0
Arvinas,1.5E7
Arxan Technologies,1.3E7
Aryaka Networks,5.4E7
Aryan Coal Benefications,2.509E7
Arynga,250000.0
ARYx Therapeutics,2.79E7
Arzeda,1.2E7
As Seen on TV,1.2155E7
ASAN Security Technologies,1310000.0
Asana,3.82E7
Asantae,1946775.0
ASC Information Technology,200000.0
ASC Madison,1325000.0
Ascade,2590000.0
Ascend Acquisition,4000000.0
Ascender Software,864500.0
Ascendify,1000000.0
Ascendx Spine,6025000.0
Ascension Orthopedics,1.866405E7
Ascent Corporation,1.07E8
Ascent Solar Technologies,1.636E7
Ascent Therapeutics,8000000.0
Ascenta Therapeutics,1800180.0
Ascenz,482000.0
Ascletis,1.0E8
Asempra Technologies,2.0E7
Asesor�_as Digitales (Digital Advisors),6000.0
Asetek,3.486E7
Ash Access Technology,453000.0
Asia Translate,20000.0
AsicAhead,1.0E7
Ask Ziggy,3500000.0
Ask.com,2.5E7
Asker,50000.0
AskNshare,600000.0
Asktourism,500000.0
Askvisory.com,250000.0
Asmacure Lt_e,1.6925741E7
ASOCS,1.8522536E7
Asoka,7000000.0
ASP64,300000.0
Aspects Software,2.5652896E7
Aspen Aerogels,1.36E8
Aspida,654000.0
Aspire Bariatrics,1.6210006E7
ASPIRE Beverages,1250000.0
Aspire Health,1000000.0
Assay Depot,3500000.0
Assembla,375000.0
Asset International,2.0E7
Asset Marketing Services,6000000.0
Asset Vue LLC.,200000.0
ASSET4,4900000.0
Asseta,535000.0
AssetMetrix Corporation,3000000.0
ASSIA,5.08E7
Assistance.net Inc,40000.0
Assistera,98000.0
Associated Content,2.14E7
Associated Material Processing,250000.0
AssuraMed,5700000.0
Assured Labor,6500000.0
ASSURED PHARMACY,2740000.0
AssureRx Health,4.1080725E7
Assurz,5000000.0
Asteel,2.242E7
Aster Data Systems,5.3E7
Asteres,8000000.0
Asterion,678000.0
Astley Clarke,5471884.0
Astrid,400000.0
AstroloMe,300000.0
Astute Medical,8.615E7
Astute Networks,3.4109278E7
Asuragen,8.0E7
Asure Software,3200000.0
Asurvest,50000.0
Asuum,730000.0
Async Technologies,3160000.0
AT Internet,1.390965E7
Atamasoft,36198.0
Atara Biotherapeutics,5.2E7
Atari,7260000.0
Atavist,3425020.0
AtBizz,300000.0
Atbrox,67000.0
atCollab,40000.0
ATCOR Holdings,5.0E7
Ateeda,750566.0
ATEME,1.28682E7
Atempo,2.966E7
Aternity,2.55E7
ATG Media (The Saleroom),6963750.0
Atheer Labs,1573497.0
Athena Design Systems,4000000.0
Athena Feminine Technologies,2000000.0
Athenix,4.35E7
AtheroMed,3.5313788E7
AtheroNova,1.6034764E7
Athersys,9000002.0
Athic Solutions,1840000.0
Athigo,200000.0
Athlete Builder,125000.0
AtHoc,8200000.0
atHomestars,300000.0
Athos,3500000.0
ATI Physical Therapy,2.25828977E8
Atieva,3.1E7
Atilekt,125000.0
Ativa Medical,3533014.0
Atlanta Micro,1500000.0
AtlanteTrek,50000.0
Atlantic Tele-Network,3.97E7
Atlantis Healthcare,1.427E7
Atlas Genetics,2.718439E7
Atlas Health Technologies,50000.0
Atlas Powered,700000.0
Atlas Scientific,100000.0
Atlas Spine,3500000.0
Atlas5D,152500.0
Atlassian,6.0E7
Atmail,2000000.0
Atmospheir,1400000.0
atokore,58438.0
Atom Entertainment,2.29E7
Atomic Moguls,1050000.0
Atomic Reach,4150450.0
AtomShockwave,2.29E7
atOnePlace.com,250000.0
Atooma,397200.0
Atosho,2598600.0
Atossa Genetics,7600000.0
Atox Bio,3250000.0
Atraverda,3.3649084E7
Atreaon,8000000.0
Atreca,6860000.0
Atrenta,3.3041484E7
Atria Brindavan Power,8600000.0
Atrica,2.22E7
AtriCure,8500000.0
ATRP Solutions,2910000.0
Atrua Technologies,1.3E7
Atrum Coal,1.85E7
Attachments.me,2500000.0
Attainia,800000.0
AtTask,7.5E7
Attender,25000.0
Attendify,200000.0
Attendware,1000000.0
Attenex,5000000.0
Attentio,786000.0
Attention Point,25000.0
Attentive.ly,1225000.0
Attero,8800000.0
Atticous,25000.0
Attivio,9.014E7
Attolight,800000.0
AttorneyFee,250000.0
Attracta,2500000.0
Attraction World,1.0877666E7
Attributor,2.52E7
Attune Foods,5000000.0
Attune RTD,1243750.0
Attune Systems,1.8E7
Attunity,1.05E7
atVenu,1100000.0
Atzip,614000.0
Auction Edge,6050000.0
Auction.com,9.175E7
auctionPAL,2400000.0
AuctionPay,5500000.0
Auctomatic,400000.0
Audacious,163406.0
Audax Health Solutions,5.5894778E7
Audax Medical,687500.0
Audemat,3030000.0
Audibase,3064.0
Audible Magic,1280000.0
Audience,1.5E7
Audience Point,310000.0
AudienceScience,5.6546875E7
Audigence,9500000.0
Audinate,7710000.0
Audingo,100000.0
Audioair,2450000.0
Audiodraft,400000.0
Audiolife,4500000.0
AudioMicro,1250000.0
AudioName,85000.0
Audionamix,5930000.0
Audioscribe,1499800.0
Audiosocket,3482300.0
AudiSoft Group,5530000.0
AuditFile.com,2500000.0
AuditionBooth,80000.0
Augmedix,100000.0
Augmenix,2.41E7
Augment,300000.0
Augmentix,8590000.0
Augmentra,1334600.0
Augure,1.88324E7
August,1.0E7
Augustine Temperature Management,1050255.0
Augustus Energy Partners,9.67E7
Aujas Networks,7970000.0
Aunalytics,820000.0
Aunt Bertha,1000000.0
Aupix,270000.0
Aura Biosciences,8961728.0
Aurality,300000.0
Auramist,2230000.0
AuraSense Therapeutics,5400000.0
Aureliant,450000.0
Aureon Laboratories,3.4331503E7
Auris Medical,6.068E7
Auro Mira Energy,2.1E7
Aurora Biofuels,1.01718192E8
Aurora Feint,7660000.0
Aurora Pharmaceutical,5045000.0
Aurora Spectral Technologies,1132500.0
Aurora Spine,1703749.0
Auspex Pharmaceuticals,9.3817742E7
Auspherix,978626.0
Ausra,1.233E8
Austhink Software,3770000.0
Austin Logistics Incorporated,8000000.0
Australian American Mining Corporation,1.0E7
AutekBio,4100000.0
Auterra,2056426.0
Authentic Response,1000010.0
Authenticlick,5000000.0
Authentidate Holding,2.1465006E7
Authentium,2.1E7
Authentix,1.6166376E7
Authernative,2500000.0
Authix Tecnologies,1595790.0
AuthorBee,550000.0
authorGEN,8700000.0
AuthorityLabs,15000.0
Authorly,150000.0
authorSTREAM.com,5000000.0
Auto I.D,249947.0
Auto Mute,10000.0
AutoBike,573000.0
Autocosta,1050000.0
AutoeBid,234665.0
AutoESL,2000006.0
AutoGnomics,100000.0
Autogrid,2.175E7
Automated Insights,5300000.0
Automated Trading Desk,6.0E7
Automation Alley,5000000.0
Automattic,3.06E7
Automsoft,7845870.0
Autoniq,250000.0
Autopilot,200000.0
Autoquake,5.3615102E7
AutoShag,50000.0
Autosprite,50000.0
Autotask,6000000.0
Autotether,505000.0
AutoVirt,2.43E7
"AutoWeb, Inc.",2500000.0
Auvitek International,9000000.0
Auxmoney,1.2E7
Auxogyn,4.402544E7
AV Homes,1.35E8
AVA Solar,1.04E8
AVA.ai,1.6E7
Availigent,1.22E7
Availink,1.4E7
AvaLAN Wireless Systems,700000.0
Avalanche Technology,5.983E7
Avalara,8.022836E7
Avalon Healthcare Holdings,4860000.0
Avalon Solutions Group,412500.0
Avance Pay,2100000.0
Avancen MOD,1643849.0
Avancert,10000.0
Avangate BV,5500000.0
Avanir Pharmaceuticals,3.0E7
AvanSci Bio,800000.0
Avanse Financial Services,2300000.0
Avansera,106000.0
Avant Healthcare Professionals,125000.0
AvantBio,300000.0
AvantCredit,5.9E7
Avantha,1.5E8
Avanti Mining,6.0E7
Avantis Medical Systems,4.976191E7
Avantium Technologies,6.19E7
Avantra Biosciences,1.5008402E7
Avanzit,8370000.0
AVAST Software,1.0E8
AvaSure Holdings,552300.0
Avaxia Biologics,2.3415766E7
Avectra,2.65E7
Avedro,8.78E7
Avegant,2285397.0
Aveillant,1.1918456E7
Aveksa,2.8E7
Avelas Biosciences,1.445E7
avelisbiotech.com,250000.0
Avenace Incorporated,25000.0
Avenal Community Health Center,650000.0
Avenda Systems,5000000.0
Avenir Medical,3938579.0
Aventa Technologies,1000000.0
Aventeon,5000000.0
Aventura,2.0749781E7
AVentures Capital,1000000.0
Avenue Right,1131250.0
AVEO Pharmaceuticals,1.13249997E8
Aver Informatics,2475000.0
Averail,6250000.0
Avere Systems,3.7E7
Aveso,7290000.0
Avesthagen,5530000.0
AVG Technologies,2.52E8
Aviate,1800000.0
AVIcode,1000000.0
Avid Radiopharmaceuticals,6.99E7
Avidbank Holdings,1.6E7
AvidBiotics,2840173.0
Avidia,7.23E7
Avieon,750000.0
Aviga Systems,750000.0
Aviir,7.093E7
Avila Therapeutics,2.65E7
aVinci Media,1552627.0
Avinger,9.096518E7
Avistar Communications,3000000.0
Avito.ru,7.5E7
AVM Biotechnology,708000.0
Avnera,6.6725182E7
AVOB,2500000.0
Avocado Entertainment,1500000.0
Avocado�,2150000.0
Avokia,6430000.0
Avosoft,100000.0
Avraham Pharmaceuticals,1.77E7
Avrio Holdings,1.1362E7
AVST,5094378.0
avtal24,1497447.0
AVTherapeutics,660000.0
Avtozaper,255000.0
Avuba,19299.0
Avuxi,19299.0
Avvasi Inc.,1.4037121E7
avVenta,2.0E7
Avvenu,1500000.0
Avvo,2.3E7
AWAK,6000000.0
AwarenessHub,2.194819E7
Awarepoint,6.0E7
AwayFind,800000.0
AWCC Holdings,1.0E8
Awdio,1955250.0
awe.sm,5250000.0
AwesomenessTV,3500000.0
AwesomeTouch,59700.0
awesomize.me,50000.0
aWhere,450000.0
AWID,2000000.0
AWR Corporation,6400000.0
Axceler,1.2E7
Axcelis Technologies,1.5E7
Axcient,6.415E7
Axeda,2.1E7
Axela,2440000.0
AxelaCare,6.6E7
Axenic Dental,3444598.0
Axentis Software,9000000.0
Axentra,6000000.0
Axerion Therapeutics,1150000.0
AxesNetwork,1000000.0
aXess america,2900000.0
Axial,8500000.0
Axial Biotech,1.94E7
Axial Exchange,8632407.0
Axial Healthcare,50000.0
AxialMED,17408.0
Axiata,1.9E8
Axikin Pharmaceuticals,6000000.0
Axilica,1070000.0
Axilogix Education,4.7628902E7
Axine Water Technologies,2881805.0
Axiom Education,300000.0
Axiom Microdevices,2.5E7
Axiomatics,6500000.0
AxioMed Spine,3.3629987E7
AxioMx,4000000.0
Axion BioSystems,5308847.0
Axion Health,1.2206746E7
Axis Network Technology,5850000.0
Axis Semiconductor,3000000.0
AxisMobile,3000000.0
AxoGen,2.9058538E7
AXSionics,9780000.0
Axsome Therapeutics,1185000.0
Axtria,7300000.0
Axxia Pharmaceuticals,300000.0
Ayalogic,505000.0
Ayasdi,5.1348982E7
Ayeah Games,530000.0
Ayla,170000.0
Ayla Networks,1.09E7
AYLIEN,500000.0
Aylus Networks,5.07E7
Ayrstone Productivity,40000.0
AZ West Endoscopy Center,500000.0
Azaire Networks,2.1E7
Azalea Networks,1.5E7
Azelon Pharmaceuticals,9715488.0
Azendoo,859950.0
Azigo Inc.,2780687.0
Azima,1732382.0
Azimuth Systems,7500000.0
Azingo,8.0E7
Azteq Mobile,4050000.0
Azuki Systems,2.81E7
Azul Systems,8.223E7
AzulStar,3387542.0
Azumio,2500000.0
Azuna,300000.0
Azuqua,180000.0
Azuray Technologies,5000000.0
Azure Minerals,2100000.0
Azure Solutions,1.5E7
AZZURRO Semiconductors,1.934155E7
